Added medic, 2023/05/26 05:36:01
Added medic, 2023/05/26 05:36:01
Added medic, 2023/05/26 05:36:01
Added medic, 2023/05/26 05:36:01
Added medic, 2023/05/26 05:36:01
Added medic, 2023/05/26 05:36:01
Added medic, 2023/05/26 05:36:01
Added medic, 2023/05/26 05:36:01
Added medic, 2023/05/26 05:36:01
Added medic, 2023/05/26 05:36:01
Added medic, 2023/05/26 05:36:01
Added cabinet, 2023/05/26 05:36:01
Added pacient, 2023/05/26 05:36:51
Added pacient, 2023/05/26 05:36:51
Added pacient, 2023/05/26 05:36:51
Added pacient, 2023/05/26 05:36:51
Added medic, 2023/05/26 05:54:13
Added medic, 2023/05/26 05:54:13
Added medic, 2023/05/26 05:54:13
Added medic, 2023/05/26 05:54:13
Added medic, 2023/05/26 05:54:13
Added medic, 2023/05/26 05:54:13
Added medic, 2023/05/26 05:54:13
Added medic, 2023/05/26 05:54:13
Added medic, 2023/05/26 05:54:13
Added medic, 2023/05/26 05:54:13
Added medic, 2023/05/26 05:54:13
Added pacient, 2023/05/26 05:54:13
Added pacient, 2023/05/26 05:54:13
Added pacient, 2023/05/26 05:54:13
Added pacient, 2023/05/26 05:54:13
Added cabinet, 2023/05/26 05:54:13
Added cabinet, 2023/05/26 05:54:13
Added cabinet, 2023/05/26 05:54:13
Created pacienti table, 2023/05/26 06:11:56
Created cabinet table, 2023/05/26 06:11:56
Created medic table, 2023/05/26 06:11:56
Created programari table, 2023/05/26 06:11:56
Added medic, 2023/05/26 06:11:56
Added medic, 2023/05/26 06:11:56
Added medic, 2023/05/26 06:11:56
Added medic, 2023/05/26 06:11:56
Added medic, 2023/05/26 06:11:56
Added medic, 2023/05/26 06:11:56
Added medic, 2023/05/26 06:11:56
Added medic, 2023/05/26 06:11:56
Added medic, 2023/05/26 06:11:56
Added medic, 2023/05/26 06:11:56
Added medic, 2023/05/26 06:11:56
Added pacient, 2023/05/26 06:11:56
Added pacient, 2023/05/26 06:11:56
Added pacient, 2023/05/26 06:11:56
Added pacient, 2023/05/26 06:11:56
Added cabinet, 2023/05/26 06:11:56
Added cabinet, 2023/05/26 06:11:56
Added cabinet, 2023/05/26 06:11:56
Added pacient, 2023/05/26 06:12:10
Created pacienti table, 2023/05/26 06:13:09
Created cabinet table, 2023/05/26 06:13:09
Created medic table, 2023/05/26 06:13:09
Created programari table, 2023/05/26 06:13:09
Added medic, 2023/05/26 06:13:09
Added medic, 2023/05/26 06:13:09
Added medic, 2023/05/26 06:13:09
Added medic, 2023/05/26 06:13:09
Added medic, 2023/05/26 06:13:09
Added medic, 2023/05/26 06:13:09
Added medic, 2023/05/26 06:13:09
Added medic, 2023/05/26 06:13:09
Added medic, 2023/05/26 06:13:09
Added medic, 2023/05/26 06:13:09
Added medic, 2023/05/26 06:13:09
Added pacient, 2023/05/26 06:13:09
Added pacient, 2023/05/26 06:13:09
Added pacient, 2023/05/26 06:13:09
Added pacient, 2023/05/26 06:13:09
Added cabinet, 2023/05/26 06:13:09
Added cabinet, 2023/05/26 06:13:09
Added cabinet, 2023/05/26 06:13:09
Added pacient, 2023/05/26 06:13:17
Created pacienti table, 2023/05/26 06:16:50
Created cabinet table, 2023/05/26 06:16:50
Created medic table, 2023/05/26 06:16:50
Created programari table, 2023/05/26 06:16:50
Added medic, 2023/05/26 06:16:50
Added medic, 2023/05/26 06:16:50
Added medic, 2023/05/26 06:16:50
Added medic, 2023/05/26 06:16:50
Added medic, 2023/05/26 06:16:50
Added medic, 2023/05/26 06:16:50
Added medic, 2023/05/26 06:16:50
Added medic, 2023/05/26 06:16:50
Added medic, 2023/05/26 06:16:50
Added medic, 2023/05/26 06:16:50
Added medic, 2023/05/26 06:16:50
Added pacient, 2023/05/26 06:16:51
Added pacient, 2023/05/26 06:16:51
Added pacient, 2023/05/26 06:16:51
Added pacient, 2023/05/26 06:16:51
Added cabinet, 2023/05/26 06:16:51
Added cabinet, 2023/05/26 06:16:51
Added cabinet, 2023/05/26 06:16:51
Added pacient, 2023/05/26 06:16:58
Created pacienti table, 2023/05/26 06:23:38
Created cabinet table, 2023/05/26 06:23:38
Created medic table, 2023/05/26 06:23:38
Created programari table, 2023/05/26 06:23:38
Added medic, 2023/05/26 06:23:38
Added medic, 2023/05/26 06:23:38
Added medic, 2023/05/26 06:23:38
Added medic, 2023/05/26 06:23:38
Added medic, 2023/05/26 06:23:38
Added medic, 2023/05/26 06:23:38
Added medic, 2023/05/26 06:23:38
Added medic, 2023/05/26 06:23:38
Added medic, 2023/05/26 06:23:38
Added medic, 2023/05/26 06:23:38
Added medic, 2023/05/26 06:23:38
Added pacient, 2023/05/26 06:23:38
Added pacient, 2023/05/26 06:23:38
Added pacient, 2023/05/26 06:23:38
Added pacient, 2023/05/26 06:23:38
Added cabinet, 2023/05/26 06:23:38
Added cabinet, 2023/05/26 06:23:38
Added cabinet, 2023/05/26 06:23:38
Created pacienti table, 2023/05/26 06:26:07
Created cabinet table, 2023/05/26 06:26:07
Created medic table, 2023/05/26 06:26:07
Created programari table, 2023/05/26 06:26:07
Added medic, 2023/05/26 06:26:07
Added medic, 2023/05/26 06:26:07
Added medic, 2023/05/26 06:26:07
Added medic, 2023/05/26 06:26:07
Added medic, 2023/05/26 06:26:07
Added medic, 2023/05/26 06:26:07
Added medic, 2023/05/26 06:26:07
Added medic, 2023/05/26 06:26:07
Added medic, 2023/05/26 06:26:07
Added medic, 2023/05/26 06:26:07
Added medic, 2023/05/26 06:26:07
Added pacient, 2023/05/26 06:26:07
Added pacient, 2023/05/26 06:26:07
Added pacient, 2023/05/26 06:26:07
Added pacient, 2023/05/26 06:26:07
Added cabinet, 2023/05/26 06:26:07
Added cabinet, 2023/05/26 06:26:07
Added cabinet, 2023/05/26 06:26:07
Added programare, 2023/05/26 06:26:07
Added programare, 2023/05/26 06:26:07
Added programare, 2023/05/26 06:26:07
Added programare, 2023/05/26 06:26:07
